,Title,Platform,others,joy,sadness,anger,surprise,disgust,fear
0,Advance Wars,GameBoyAdvance,0.4276301017245994,0.5543808447770201,0.0021501437519103306,0.00183306906658865,0.004700825813835296,0.007653566663905643,0.0016514429365857423
1,Baldur's Gate II: Shadows of Amn,PC,0.4728357284607011,0.4454166405307617,0.021343997845958338,0.006492262956176259,0.00822142694655446,0.043991418102190656,0.0016985185577400562
2,Banjo-Kazooie,Nintendo64,0.3342996195695081,0.6281319922215284,0.0017307851670666733,0.0018207725058959014,0.007607120483149834,0.02484385714308506,0.0015658516068617456
3,Batman: Arkham City,PC,0.554015921830061,0.30767114132069745,0.0048917353698976675,0.015191950362195467,0.014531128307067943,0.10173803785236231,0.0019600783594047933
4,Batman: Arkham City,PlayStation3,0.49574891948208644,0.4411201976725589,0.0052663937839791414,0.0017306007157194085,0.02757370202146367,0.02401557774606363,0.004544605872597146
5,Batman: Arkham City,Xbox360,0.5404872686852372,0.37609679599000573,0.00343719394752128,0.007449937075214381,0.019098987038766925,0.04622428662379046,0.007205526342548543
6,BioShock,PC,0.5456985902802589,0.2887133668077868,0.00202081193821434,0.010763942914266652,0.011167385337378285,0.1353379296835563,0.006297973220159488
7,BioShock,PlayStation3,0.5541115868374282,0.3420134919294294,0.0015757856940097127,0.006850812151113222,0.020848604412055827,0.07243497896376426,0.0021647411722240236
8,BioShock,Xbox360,0.5516479379794088,0.3245521461161942,0.00956832308288099,0.008147766506251484,0.011684427522932138,0.091446387134903,0.0029530138024909895
9,BioShock Infinite,PC,0.5347727481877289,0.3084865952234501,0.008271517014326485,0.004359746687413746,0.013745655383980595,0.12779531049228463,0.002568427941305709
10,BioShock Infinite,PlayStation3,0.5032109237015248,0.340853895571238,0.012003130785655182,0.004403306308668054,0.024208831015663793,0.11332315180699026,0.001996755946582757
11,BioShock Infinite,Xbox360,0.548597999218413,0.2997350583251568,0.013433725751169417,0.004022659438573158,0.0246803744330285,0.10758863230419623,0.0019415460025329623
12,Bloodborne,PlayStation4,0.5890347112389561,0.29934313980315264,0.005731474941272158,0.009164658875984635,0.014505290617399141,0.0791925388351306,0.0030281883109425415
13,Braid,PC,0.5225279947293215,0.3657295369153746,0.0022886117277987543,0.008103527274014826,0.023170244364581698,0.07623205513910161,0.0019480276941160712
14,Braid,PlayStation3,0.5110569304587054,0.3976384269106867,0.001389408762666475,0.0026120180243326394,0.04335875392592108,0.041971287875120215,0.001973178948641575
15,Braid,Xbox360,0.4346555883512754,0.43440549953606067,0.02050374510017297,0.0019827677009854223,0.02576907763154533,0.08081980392946467,0.0018635258320291955
16,Burnout 3: Takedown,PlayStation2,0.43328145755915326,0.44434556036041734,0.00143347639169309,0.017093525275331607,0.01667517799036468,0.08501599212647987,0.0021548222893000854
17,Burnout 3: Takedown,Xbox,0.4198287155951804,0.4125216867420266,0.01220177386890842,0.0028954172331436194,0.023850110095383473,0.12642890888651995,0.002273393810532045
18,Call of Duty 4: Modern Warfare,PC,0.5120832480136485,0.341547209557785,0.008968798500623352,0.018751846171653548,0.008498613043439686,0.10683223318343288,0.003318051100135375
19,Call of Duty 4: Modern Warfare,PlayStation3,0.44568509339693596,0.443351747321801,0.006434006060325404,0.003712667137998193,0.019342630743366535,0.07971732986016744,0.001756517762921448
20,Call of Duty 4: Modern Warfare,Xbox360,0.5481261848340516,0.3334071879379719,0.004137391787835235,0.008397093962543824,0.008487429729291835,0.09552875756040095,0.001915950785551464
21,Call of Duty: Modern Warfare 2,PC,0.4876877693747445,0.08932372897852935,0.010898804341036872,0.06276309786324134,0.004679007646150073,0.3423405433468407,0.0023070493077960268
22,Call of Duty: Modern Warfare 2,PlayStation3,0.563305220150006,0.16819395081586166,0.008358888979850461,0.015439666646214689,0.004225909534365514,0.2384070890920212,0.002069270020519547
23,Call of Duty: Modern Warfare 2,Xbox360,0.5170411445340046,0.1410575239639203,0.008520758931321334,0.02899455331534609,0.00546296531271406,0.2967980689790101,0.002124986904018243
24,Castlevania: Symphony of the Night,PlayStation,0.4734284506817715,0.489802802214399,0.0015786311561712147,0.0018912378556010787,0.0053518225773749924,0.026316009418714453,0.0016310553804165042
25,Castlevania: Symphony of the Night,Xbox360,0.4638544005155563,0.5182805460318923,0.001429298077709924,0.001398721467703524,0.009035503254271996,0.004363664253614788,0.0016378652467391919
26,Celeste,PC,0.6384789023681411,0.2578022813499306,0.0019612771762434643,0.0020768679657651216,0.004096653204344697,0.09343052735286095,0.002153491364359543
27,Celeste,PlayStation4,0.6073394161131647,0.34747185821955395,0.0016298869805823999,0.0012721347027561279,0.037156458491355966,0.0033181008507704,0.0018121289128126665
28,Celeste,Switch,0.5075201301654387,0.3972882914951899,0.02049325408297586,0.0018670622537481135,0.024135446959796008,0.046658185242106055,0.0020376258465047013
29,Celeste,XboxOne,0.6595163336023688,0.2277321409783326,0.09165176910755687,0.0018891143554355375,0.008708874607691475,0.0079949442442739,0.0025067957321879874
30,Chrono Cross,PlayStation,0.48252181394619276,0.36498837492039815,0.00196671087210379,0.0030091950275863096,0.005269957243229448,0.1403170643805444,0.001926889527297355
31,Company of Heroes,PC,0.5015407203320428,0.3654073142820709,0.005749064873046853,0.025666422719739842,0.009886986360905401,0.08628904226234355,0.005460447813358882
32,Devil May Cry,PlayStation2,0.6055779984512887,0.3192881845476469,0.0016439591339094247,0.012266350008342048,0.012422762461937917,0.038534745995756355,0.010266018737407382
33,Diablo,PC,0.6059289916637628,0.22104661232956188,0.01436155658242671,0.016892351907239627,0.0036900467061272827,0.12220911585232787,0.01587132695678836
34,Divinity: Original Sin II,PC,0.5319893599265133,0.3719815513022932,0.0015362509903396287,0.014659979675501617,0.016258100130716692,0.06181109743243403,0.0017636593659002939
35,Divinity: Original Sin II - Definitive Edition,PlayStation4,0.3529408329299518,0.610533010014998,0.003674327296071779,0.0021922617119603358,0.00334380103075605,0.02541030821989152,0.0019054654653050571
36,Eternal Darkness: Sanity's Requiem,GameCube,0.5710326697340291,0.2052674282363046,0.010544963672743204,0.02961721543375565,0.020767984126430345,0.13008291479165368,0.03268681938669626
37,Fallout 3,PC,0.5764527728658372,0.22468712475636335,0.005538213897005482,0.02029422510879167,0.007931510450195672,0.15949426079809648,0.005601895900529781
38,Fallout 3,PlayStation3,0.6491403037870958,0.24581405138848597,0.0072963180168329955,0.002198784267592725,0.02179276479810875,0.07154159829700109,0.0022161769831703605
39,Fallout 3,Xbox360,0.5410825782166039,0.3327872214033394,0.0018176417805669293,0.013440787993100852,0.007796460205084922,0.10112646128982301,0.0019488456632274452
40,Final Fantasy IX,PC,0.6551094061384598,0.3308941627231736,0.0022393590705986114,0.0014979175628265888,0.0035265232436358335,0.0052578225731849,0.0014748147093793778
41,Final Fantasy IX,PlayStation,0.4894882989720556,0.40867520802060675,0.009171831856920111,0.002193654655228316,0.012310371937077683,0.07635622725608258,0.0018043996210002561
42,Final Fantasy IX,PlayStation4,0.5988622140139341,0.36424896617730457,0.0027680623655517503,0.0017764435615390001,0.0038224816477546667,0.026660241574669816,0.0018615601196263667
43,Final Fantasy XII,PlayStation2,0.566945086615704,0.19847612029615358,0.010898728964996413,0.008040325891823,0.014251303954226647,0.1992413649674552,0.002147067075231517
44,Flipnote Studio,DS,0.4661338413850619,0.426817272664406,0.0020408531821045845,0.0027521832917744692,0.014913074027460307,0.08558159256174869,0.0017611999154233614
45,Forza Motorsport,Xbox,0.5400095119962798,0.3652099988916341,0.005111895560506028,0.00293598850463128,0.006081360041656868,0.07863160146414024,0.0020196546594995284
46,Gears of War,PC,0.5740321160123592,0.11441880477179152,0.0023595940979183956,0.004061531264853,0.003500547278082125,0.29921516254347497,0.002412257999719507
47,Gears of War,Xbox360,0.5120434523259992,0.2822767796086606,0.003788203144786743,0.01782872035311387,0.01506583737920996,0.1668638914607885,0.0021331174359143267
48,Gears of War 2,Xbox360,0.5701563511490045,0.1696172223044933,0.008758758199595176,0.02085809201058245,0.01651420223580702,0.21202555318432995,0.002069821430008443
49,God of War,PlayStation2,0.46139540894604897,0.41991281807321407,0.0018672428106503948,0.009030299588946737,0.019917062502455563,0.08184884128580877,0.006028333412857836
50,God of War,PlayStation4,0.39555287564131664,0.5037994219987283,0.006835519809729978,0.008674311656526377,0.016741181371724874,0.06313765912063783,0.0052590307193580675
51,God of War II,PlayStation2,0.46673822042066604,0.4182711832301201,0.001559851698922441,0.009648695095945266,0.028644916935653346,0.07320475467661573,0.0019323804278558142
52,God of War III,PlayStation3,0.5299066118269535,0.36988455627480576,0.006207082686221607,0.009935648439025804,0.015764525967208082,0.06645746956065379,0.0018441041899939232
53,GoldenEye 007,Nintendo64,0.48845176860534895,0.41328068361229575,0.0023968051435076174,0.01596099968446647,0.012611496460158326,0.06548110550938868,0.0018171452684327433
54,GoldenEye 007,Wii,0.6014152659516466,0.2625170368635633,0.015838260862412218,0.009544639875226888,0.021798668996575184,0.08704682411199668,0.0018393031410006747
55,Gran Turismo,PlayStation,0.2449263300513848,0.7166322260163724,0.0018066490665659687,0.0018443987210047875,0.031479331220907576,0.0016653880993544186,0.0016456650046165562
56,Gran Turismo 2,PlayStation,0.36344250325113536,0.6029176372662186,0.001436995037365652,0.002170175365172268,0.014731508512049872,0.01353953319136049,0.001761649386025916
57,Gran Turismo 3: A-Spec,PlayStation2,0.48138607791706656,0.4197223618495883,0.00994633364168465,0.002638837933262533,0.017806738760044526,0.06642949764194012,0.002070152414186497
58,Grand Theft Auto Double Pack,Xbox,0.5350099883448237,0.25464158375801227,0.0015878294152804255,0.03289943252457301,0.007224007936504932,0.1587044145413435,0.009932765029728936
59,Grand Theft Auto III,PC,0.536305774947707,0.2922478791655855,0.0021171105794385086,0.03174304218165913,0.00645730322272787,0.12892202938690409,0.0022068512806353506
60,Grand Theft Auto III,PlayStation2,0.44196654497230414,0.38477259847781503,0.005956405619768146,0.033567799870394766,0.006880978836148859,0.12485023459338714,0.002005440642359778
61,Grand Theft Auto IV,PC,0.5778947380889579,0.11184905874547937,0.01140805009884832,0.03205799752855951,0.004769588239317194,0.2593209313944895,0.002699639760826436
62,Grand Theft Auto IV,PlayStation3,0.5055532177069167,0.2449518855073929,0.009526287384297914,0.01679818358477818,0.014354627657456744,0.20673607397851446,0.0020797291213644465
63,Grand Theft Auto IV,Xbox360,0.4954275640146752,0.2828244655288166,0.004558830202064286,0.012683688462818777,0.018032337812864743,0.18441857327871652,0.002054536702603302
64,Grand Theft Auto V,PC,0.48811909791329744,0.23568197291633153,0.007237626253286034,0.05949320716521729,0.014444664901993231,0.19268896131743912,0.002334468329066412
65,Grand Theft Auto V,PlayStation3,0.551020061514753,0.29584938420229534,0.003222909320126111,0.007971978728026753,0.014586798730136574,0.1253637744091911,0.0019850936309643036
66,Grand Theft Auto V,PlayStation4,0.5264527787560108,0.28636323504387146,0.0030617333353324845,0.011218307689536779,0.017379018527771524,0.14892280142260028,0.006602126866249852
67,Grand Theft Auto V,Xbox360,0.5070874248515034,0.3211070964884148,0.006341277204569254,0.021231128647787527,0.011096360507749106,0.12778938076259255,0.005347334522582981
68,Grand Theft Auto V,XboxOne,0.510848830189041,0.36452072036757355,0.0015863514064273106,0.00710561101909767,0.02126208476994818,0.09279784703214565,0.0018785675089404495
69,Grand Theft Auto: Chinatown Wars,DS,0.5617492651490836,0.3475012753410645,0.0014278204607947817,0.020733744623519578,0.00421162025423297,0.06256654449472465,0.0018097306292845716
70,Grand Theft Auto: Chinatown Wars,PSP,0.4423305169822505,0.32191832463677894,0.0017258826835761078,0.04297501366594444,0.005555529277234358,0.18367435403678634,0.0018203759525651385
71,Grand Theft Auto: San Andreas,PC,0.5039142022820334,0.3044783911889292,0.0018761781320083834,0.01915409589057458,0.005746828828987992,0.16264481230941824,0.0021854880315621884
72,Grand Theft Auto: San Andreas,PlayStation2,0.4348141641209855,0.41130986322099233,0.006839539275401723,0.022324035496201836,0.01985830144799678,0.1027779239828178,0.002076172541832329
73,Grand Theft Auto: San Andreas,Xbox,0.5008382213501525,0.3981381023602028,0.0027441373469107963,0.002401654298799732,0.011552241161033181,0.0823083018767647,0.0020173277527126645
74,Grand Theft Auto: Vice City,PC,0.5585650028229726,0.38780773443997735,0.0015124651938633231,0.0024345992553409545,0.01845961965456669,0.0294140067794446,0.0018065748666197038
75,Grand Theft Auto: Vice City,PlayStation2,0.4909013575155685,0.35108179929057554,0.001712740925619291,0.015005682498455322,0.02043365851324756,0.11893785023721413,0.0019269004475376858
76,Grim Fandango,PC,0.3223422415201853,0.5839219477407717,0.07410493185949124,0.0016554053958422734,0.005628830857698148,0.010769044759559998,0.001577585781513503
77,Guitar Hero II,PlayStation2,0.6468496549918893,0.25647022395527785,0.021363007321876112,0.002222320537493019,0.011767120627198502,0.059174283891306426,0.0021533705086247213
78,Guitar Hero II,Xbox360,0.4380127983832998,0.4869781880271538,0.0015612671018710733,0.0018108648042210677,0.0171669602132169,0.052652434478139665,0.0018174979881482784
79,Half-Life,PC,0.45064740174669116,0.4656409454146036,0.006962422770460209,0.014339383996772618,0.010054399503713835,0.048562838453329864,0.003792609294784446
80,Half-Life,PlayStation2,0.34635849641636013,0.591845132317394,0.0015896604250883201,0.0022007899679010253,0.00328216387424613,0.05314169799676162,0.001582075876649415
81,Half-Life 2,PC,0.41559119779664777,0.4735322320298583,0.005824826209003854,0.012625121635809965,0.01747551712681624,0.07283424469847502,0.0021168575832932676
82,Half-Life 2,Xbox,0.5748319794616565,0.30036084172075034,0.001785225503885233,0.002534987846517817,0.005634835078220379,0.11278583732602214,0.0020663200110870947
83,Halo 2,Xbox,0.5008272491134084,0.29493319867975065,0.010123598365487747,0.01396932797261999,0.01406033467387644,0.1624909382955589,0.0035953543298023393
84,Halo 3,Xbox360,0.5341504387557966,0.2253435704782297,0.006325485593334034,0.016146632950285886,0.012309322275243364,0.20286447641736,0.0028600760079714777
85,Halo: Combat Evolved,PC,0.5198556604341437,0.22079730423418087,0.0018249059187518538,0.04271535771156649,0.018848942464384656,0.1936864029565372,0.0022714201920131967
86,Halo: Combat Evolved,Xbox,0.4602734170008549,0.42968802064735845,0.006335219907780585,0.0073266087233684754,0.012874762995603544,0.08167817458237737,0.0018237965483230193
87,Homeworld,PC,0.49129896540558193,0.42935558671710966,0.0015115182798514269,0.0016135218845702536,0.028465428233441923,0.04619173030510949,0.0015632420559640388
88,INSIDE,PC,0.5939088759315742,0.2749523872856137,0.003714022850671863,0.0029724746039624036,0.028294784339079802,0.0938159042683722,0.002341553007745193
89,INSIDE,PlayStation4,0.6382777963742792,0.28024128979277085,0.02958198265834995,0.0016602869041629465,0.007745324140636286,0.038258943177338293,0.004234379609919194
90,INSIDE,Switch,0.5497286234878831,0.3276962421368807,0.0012568203189099333,0.003066931249728989,0.006412951430926666,0.11009228788316244,0.0017461139036135
91,INSIDE,XboxOne,0.530766728232066,0.364769567257074,0.008351229893502867,0.0019355732086433026,0.021144388151061604,0.07103119784254856,0.0020013054273065275
92,Jet Grind Radio,Dreamcast,0.3930413407506421,0.5043574498558883,0.00167648587375875,0.0021866962342755375,0.005175980681087775,0.09157731931190934,0.001984722213819575
93,Journey,PlayStation3,0.520057852545006,0.36358466072939977,0.012556761543197344,0.0047380984999088,0.019523220717239113,0.07224014219744791,0.007299268938048314
94,Journey,PlayStation4,0.4755104109616496,0.386323922199464,0.0024444400286727395,0.004579332783511539,0.014937395251940933,0.11426082715177734,0.0019436728847411324
95,LittleBigPlanet,PSP,0.6763784001140218,0.2548045527533088,0.042750844376553784,0.0015920571933843053,0.01615910713658908,0.006570634098208795,0.001744433091708263
96,LittleBigPlanet,PlayStation3,0.46254145188114226,0.36379720495685675,0.007015591035517606,0.014851256981968236,0.01935091819428961,0.13050604958486717,0.0019375280991714712
97,Madden NFL 2002,GameCube,0.0155234597623348,0.9762017726898192,0.0016789736691862,0.0017200208967551,0.0023196244146674,0.0011449130252003,0.0014112369390204
98,Madden NFL 2002,PlayStation,0.44128239651521045,0.41819542502829177,0.0015950572948591833,0.00402988817465175,0.021046850869121617,0.11138270671168958,0.0024676917819305834
99,Madden NFL 2002,PlayStation2,0.3034856496378779,0.6288073873215848,0.0014909667353254824,0.004066700129495771,0.004211901906220306,0.05625784051303254,0.0016795503359068353
100,Madden NFL 2003,GameCube,0.396140674687922,0.5341442841570825,0.00269578450825061,0.00420718861278142,0.02328349835006515,0.03741330617340276,0.00211530661908906
101,Madden NFL 2003,PC,0.6769937930459325,0.21692538688975296,0.0014452243128537,0.011497184570709364,0.003011002501642109,0.08720156636131417,0.0029258332321081184
102,Madden NFL 2003,PlayStation2,0.34674364923621004,0.42985311667839793,0.0018600907920778176,0.008597166646960273,0.003441938811548652,0.2075304726680295,0.0019735800881829084
103,Madden NFL 2003,Xbox,0.6008259012984732,0.3829580855090171,0.00163256249895005,0.0019284649558054335,0.0036487162384824996,0.007005751637431417,0.0020005557647285
104,Madden NFL 2004,GameCube,0.41329124942421913,0.5701063364744186,0.00263031187932932,0.00345843571703874,0.00452228495851156,0.0025994934607296597,0.0033919295296072397
105,Madden NFL 2004,PC,0.297419864152159,0.6905534632637033,0.0018963220562519141,0.0017968677150617428,0.0025751857486154,0.0022163919139919284,0.0035419368650763568
106,Madden NFL 2004,PlayStation2,0.45609132296568344,0.43766292619023706,0.0018238643736814524,0.0033334116442202398,0.0031441131214950792,0.09590083254604699,0.0020435461210869905
107,Madden NFL 2004,Xbox,0.4805935718334065,0.33121758350768143,0.0020181645194474024,0.048904361054062415,0.036917871876189876,0.09827811291548777,0.0020703369100840284
108,Mario Kart Super Circuit,GameBoyAdvance,0.5734973774068868,0.25426719331374875,0.001809989431184548,0.003163773823357339,0.04527839895530154,0.11959929703532347,0.0023839880621222263
109,Mass Effect 2,PC,0.5886534649127619,0.273554356164757,0.007343403702419855,0.005862707098285748,0.00915824652356419,0.11275395607290732,0.0026738654846740987
110,Mass Effect 2,PlayStation3,0.5602644741646173,0.3511222892855849,0.011835003072043613,0.0020709594635055996,0.010260489441748715,0.0626263707732043,0.001820400318039118
111,Mass Effect 2,Xbox360,0.5370924272746507,0.3091479759496121,0.01327586590606055,0.012387050486560159,0.014092861015439186,0.11205817356534038,0.0019456456232130588
112,Mass Effect 3,PC,0.5037293764193493,0.08106251173938732,0.029054031905413266,0.03415652084876046,0.0062550475924385675,0.34225196145223397,0.0034905523868060924
113,Mass Effect 3,PlayStation3,0.5459181534687123,0.13222778418250158,0.026357473757843985,0.024874233533442248,0.0035196427313042814,0.2649522093922029,0.002150505852641643
114,Mass Effect 3,Xbox360,0.5321926720599542,0.13894484834537307,0.031543029842215055,0.02482506747298197,0.009632479146338347,0.2598656725714517,0.0029962322192338907
115,Metal Gear Solid,PC,0.5534322852035984,0.3484646014403552,0.0015533106598013186,0.002049745824478981,0.030413287822739183,0.062339985721337095,0.0017467392681282375
116,Metal Gear Solid,PlayStation,0.4087606512585326,0.5352949593455859,0.014519219212097017,0.002514776959330451,0.012031931095236096,0.025224185007733848,0.0016542801941634923
117,Metal Gear Solid 2: Sons of Liberty,PlayStation2,0.49834854851029947,0.28919982830030094,0.006440959459950164,0.015598314868426073,0.015908669992077077,0.16993896322237023,0.004564719071446259
118,Metal Gear Solid 3: Subsistence,PlayStation2,0.5293407279654945,0.4125237315556181,0.0016291220044398092,0.0019410746271635725,0.017788858748788553,0.03504079286971026,0.0017356693041571632
119,Metal Gear Solid 4: Guns of the Patriots,PlayStation3,0.41401488998126756,0.4020845041613248,0.020227377661769054,0.012392214263415009,0.014720996500278739,0.13358108521847323,0.0029789342934742695
120,Metal Gear Solid V: The Phantom Pain,PC,0.5429429413624487,0.23083138524976918,0.011277026044978253,0.0043652559698645664,0.012747386077781937,0.19572032311308724,0.0021156853371224324
121,Metal Gear Solid V: The Phantom Pain,PlayStation4,0.5645098571423592,0.2585446246959846,0.015421041925594077,0.00889421420236931,0.010498116375262998,0.13897544139155196,0.003156705084035635
122,Metal Gear Solid V: The Phantom Pain,XboxOne,0.6524139557732269,0.21364069166035426,0.0029807832209674226,0.002387977197334548,0.007048744402709366,0.11936658260310647,0.002161260164333071
123,Metroid Prime,GameCube,0.45562302271218036,0.4189074004500517,0.008289770065634479,0.018521092709276654,0.026451577019669586,0.0704781595078525,0.0017289735166604525
124,Minecraft,PC,0.586852340756956,0.2373470001913728,0.005430397584872353,0.016957748824953173,0.007003048906993557,0.14395050146718222,0.0024589638360370597
125,NBA 2K2,Dreamcast,0.48639193922281265,0.5018610153347254,0.00141228360007515,0.001567602157592725,0.0051938218530267,0.0021950615337118,0.0013782658206764001
126,NBA 2K2,PlayStation2,0.9228964567184448,0.03239900972694154,0.0024532903800718,0.0023544585332274,0.00634291772730642,0.030480485223233662,0.0030734096653759002
127,NBA 2K2,Xbox,0.4702313398011028,0.5195198021829128,0.00155572823132385,0.00180896610254415,0.0036713760346173503,0.0016227142768911501,0.00159015052486205
128,NCAA Football 2004,GameCube,0.44919063756242394,0.5413282960653305,0.00119828979950395,0.0017305053770541499,0.00357574550434945,0.00163698376854875,0.00133961148094385
129,NCAA Football 2004,PlayStation2,0.3428135791896946,0.5801487724012178,0.0016936632293638155,0.0030989035731181047,0.03133668396104536,0.039071547406880756,0.0018368573574762711
130,NCAA Football 2004,Xbox,0.609394211055977,0.2972160449135117,0.0015775963630792786,0.0022067160129413572,0.014563577515738292,0.07328198092623743,0.0017598486821432716
131,NFL 2K1,Dreamcast,0.26161988493469024,0.5278603384762796,0.001568430258582,0.004832927525664322,0.014754180097952457,0.18764879316505453,0.001715452966487189
132,NFL 2K3,GameCube,0.5696084387600422,0.2111115674488246,0.001534228533273525,0.00263246605754825,0.003535309282597075,0.2093415351700969,0.002236486179754075
133,NFL 2K3,PlayStation2,0.5002211701124906,0.25697787309375897,0.00168585275144622,0.13747263848781582,0.002764404122717633,0.0990050961884359,0.0018729745992458865
134,NHL 2002,PC,0.20443379385396834,0.780576155334711,0.00150796730886208,0.00228011554572726,0.00606729558203365,0.0037341599585488,0.00140048483153799
135,NHL 2002,PlayStation2,0.36310922684004676,0.397719701353568,0.001689474438675277,0.0038468337241703,0.007099916970428901,0.22462773420668844,0.0019070877281661923
136,NHL 2002,Xbox,0.7980807820955912,0.010870817427833834,0.08618150494294236,0.0033254686665410336,0.0056190250130991005,0.0925288945436477,0.003393530069539867
137,Ninja Gaiden Black,Xbox,0.5333350667497143,0.24602775796665807,0.0015619268318307874,0.029093905130139278,0.004530527708993708,0.1834846953085313,0.001966126423212654
138,Okami,PlayStation2,0.40914173921310276,0.5297258182639949,0.012481021276555999,0.003933808027880302,0.005480744870552782,0.03760114425812237,0.0016357327789760824
139,Okami,Wii,0.4947565763335054,0.45533307744901524,0.004526830471554052,0.0018969833326991196,0.005201363675748979,0.0365043204348896,0.0017808551339031126
140,Pac-Man Championship Edition DX,PlayStation3,0.6934966845437884,0.29019471078312814,0.0013136309737871216,0.0014469841345478927,0.005161811447968379,0.006477588737782578,0.001908577130442164
141,Pac-Man Championship Edition DX,Xbox360,0.46078988254070274,0.4388877952937037,0.0014393347664735801,0.002311068107373968,0.023801608537323726,0.07065185608109453,0.002118440479971416
142,Paper Mario,Nintendo64,0.4623289183567626,0.5025398921332299,0.0014255020447658338,0.0017623162256126831,0.0042418074578113646,0.026111685920573988,0.001589865467219335
143,Perfect Dark,Nintendo64,0.48828616814323883,0.40053838698578803,0.012679010750752574,0.0022520719620602093,0.015121311008202227,0.07937466340867433,0.001748395863593901
144,Persona 4 Golden,PlayStationVita,0.5059576798807335,0.425730252642065,0.010091640702675382,0.001655336699151773,0.022687441686403152,0.032130021925148126,0.00174762257498445
145,Persona 5,PlayStation4,0.46184636308446414,0.4585075027258327,0.004625244999534801,0.005564618103799348,0.0170488867074273,0.050288592772207444,0.0021187972547709174
146,Portal 2,PC,0.5108800870206993,0.379348563059368,0.005574201353432039,0.012779479922825215,0.016957860991257317,0.0709712651305268,0.0034885418956851094
147,Portal 2,PlayStation3,0.507386281410707,0.3876302513366967,0.008822388450247552,0.009224241210533458,0.013304462334809903,0.07180832335742542,0.0018240545109352135
148,Portal 2,Xbox360,0.5254137530297923,0.36973430945352415,0.00426086376962086,0.005858721074348799,0.021394522589302217,0.07152243585437812,0.0018154005994897222
149,Prince of Persia: The Sands of Time,GameCube,0.2941796801690208,0.6876095948054602,0.0016123625437581579,0.0016585711303999896,0.011438767879122921,0.0019998811736800476,0.0015011301362200316
150,Prince of Persia: The Sands of Time,PC,0.5657609694916755,0.32043359623057766,0.001477819492574728,0.002448639879003118,0.014890040603931948,0.09304298087023194,0.001945954959373872
151,Prince of Persia: The Sands of Time,PlayStation2,0.40133425672893747,0.5371635693354311,0.03477216786231399,0.002171998308829402,0.004558939966215243,0.018365718563426617,0.0016333351554979967
152,Prince of Persia: The Sands of Time,Xbox,0.4650420978292823,0.3332347723422571,0.0018961880600545061,0.003258770859101742,0.0040590087370946494,0.1904104831477161,0.002098667831160074
153,Quake,PC,0.6580004929273855,0.28593215873261213,0.0037045823730295024,0.0016331307255313238,0.027138661924982398,0.02085698474547821,0.0027339907479471924
154,Quake III Arena,Dreamcast,0.826157458126545,0.14803642511833456,0.0049784491420723,0.002125782222719825,0.0035548410960472747,0.01282739415182725,0.002319590887054775
155,Red Dead Redemption,PlayStation3,0.5184506891131703,0.3503520215605071,0.013090982032008421,0.003403355138426647,0.01586863939851719,0.09696794998426163,0.0018663616399468986
156,Red Dead Redemption,Xbox360,0.4903008321149301,0.37537590161320084,0.008987169900849988,0.013954723280080556,0.013925966624052436,0.09556587414133923,0.0018895251846963597
157,Resident Evil 4,GameCube,0.35901955327452684,0.5339641725256883,0.0015833553144272792,0.007771196049459585,0.036580763387767,0.05414769298157896,0.006933264755351074
158,Resident Evil 4,PlayStation2,0.48274267876276084,0.3820905875803318,0.008520895492145348,0.018585610362036122,0.018000914048802025,0.07957737145514295,0.010481941645670931
159,Resident Evil 4,PlayStation4,0.45563798086045104,0.3793025105874726,0.006464048319483235,0.055548010120724495,0.01119031696968397,0.08999848115490745,0.0018586397652850192
160,Rock Band,PlayStation2,0.4864092171192169,0.5009201914072037,0.00084994189091955,0.00167248677462335,0.0062501232605427,0.0020370065467432003,0.00186107953777535
161,Rock Band,PlayStation3,0.45142562108230777,0.45401532133837463,0.0017901765204441688,0.0022391099992091217,0.008364178593183128,0.08007916781753006,0.002086412641801816
162,Rock Band,Xbox360,0.4840113627159911,0.4028229366469366,0.00622994565778887,0.0023821514844188365,0.009906365075783585,0.09066616842756042,0.003981079394703292
163,Rock Band 2,PlayStation3,0.6715081200624505,0.21135378856949194,0.0016601970855844668,0.002158066869014817,0.006120663194451433,0.10518591621075753,0.002013252650309933
164,Rock Band 2,Wii,0.8286210149526596,0.13855417375452814,0.0012797648378181667,0.0017390455080506333,0.022006736680244384,0.006122426440318351,0.0016768285616610833
165,Rock Band 2,Xbox360,0.5453490949619342,0.32480404910508215,0.0016942723459043236,0.006610580040347327,0.007940994626979333,0.11179145637502452,0.0018095502010135175
166,Rock Band 3,PlayStation3,0.5793153507076204,0.2685338856698945,0.002219967183191284,0.038588697744999026,0.0053601461416109995,0.10408933699363838,0.001892604972235808
167,Rock Band 3,Wii,0.38300326507952476,0.5339329748724898,0.0013397910451102113,0.0022573062710256444,0.0042028239048603,0.07327019574586299,0.001993656805199
168,Rock Band 3,Xbox360,0.8415844908449799,0.09672728378791356,0.028357078835445717,0.0016479645249394498,0.004012153338408054,0.025599734964392412,0.0020712774276034373
169,SSX,PlayStation2,0.3675830263777503,0.5028181322891864,0.0014524114958475716,0.0041452058482848286,0.05263381618507468,0.06970439887871695,0.0016630140016786143
170,SSX,PlayStation3,0.5635197836587705,0.15739771578795977,0.02576228620473108,0.004802135824475659,0.0033167131250814584,0.2430003016857748,0.0022010553866715294
171,SSX,Xbox360,0.48690333168428296,0.22548054999340536,0.003198622269943923,0.028982956369126827,0.009430363142970327,0.24381322064138466,0.0021909440491491333
172,SSX 3,GameCube,0.22266794814039828,0.7587288541557349,0.0018264078180831565,0.0018959972101425043,0.011809311199771274,0.0015238701041949433,0.0015476368742225132
173,SSX 3,PlayStation2,0.38961452223537935,0.5798614383841466,0.0013483140431898286,0.0019421399462901119,0.009016057016283578,0.016581737509806634,0.001635792033214612
174,SSX 3,Xbox,0.21271325490222523,0.6926095852305969,0.0017493539579355307,0.002161167096346569,0.013092098614344171,0.07617565010710112,0.0014988782260423232
175,SSX Tricky,GameCube,0.41560168626407784,0.544895499634246,0.0016604574371335778,0.0016671397283465888,0.031081384875708107,0.003374378080479755,0.001719430477047889
176,SSX Tricky,PlayStation2,0.34179740670052444,0.6007632251156875,0.0014995935013178544,0.0025459941667080907,0.00385030933168965,0.04726334544300858,0.0022801141656765412
177,SSX Tricky,Xbox,0.47228399214024347,0.35983010885926586,0.0016780260678690834,0.0028688290622085,0.005786697535465116,0.1554848586286728,0.0020674897241405835
178,Sid Meier's Civilization II,PC,0.6024278888132336,0.3555409934609955,0.012797184065146707,0.002207301029134051,0.004083043765709793,0.0209715641929421,0.001972030834727986
179,Sid Meier's Civilization IV,PC,0.5711716498910664,0.2269102014479212,0.011182688116245322,0.009312513936497721,0.005635619972817511,0.173573562800685,0.002213768624292169
180,Sid Meier's Gettysburg!,PC,0.5741077897449335,0.4115370637737214,0.0013974647736176334,0.0020142779491531,0.0053060827000687176,0.00383729666161035,0.0018000540245944666
181,Skies of Arcadia,Dreamcast,0.35462547268683986,0.597640203316351,0.038213025750506086,0.0015829208962342815,0.004091771767923078,0.0022235836669871186,0.0016230054553252775
182,SoulCalibur,Dreamcast,0.30289371175070606,0.6648072123449916,0.0015269266480269035,0.001969510912507103,0.00796279439236964,0.01918477469395531,0.0016550610821771251
183,SoulCalibur II,GameCube,0.4342888485807091,0.4666154719732785,0.0020079001130139554,0.002434223542796091,0.024633537991834174,0.06827885678746914,0.001741165685321415
184,SoulCalibur II,PlayStation2,0.5501469611914621,0.4159496411577695,0.0015539175701430536,0.0018300435583417022,0.006027710373099435,0.022783766518760837,0.0017079843518634135
185,SoulCalibur II,Xbox,0.396965409675613,0.502587385152583,0.00148067706759316,0.0047975973022402725,0.0047305659245466345,0.08767828173295125,0.0017601035040569976
186,Star Wars: Knights of the Old Republic,PC,0.44541799086569384,0.445865332834232,0.002503634176911932,0.0050670046548475,0.011561225290113842,0.08776545051704016,0.0018193661153693465
187,Star Wars: Knights of the Old Republic,Xbox,0.32786882370837944,0.5951340076360494,0.01379596549748081,0.0022556177198516437,0.01904453533344374,0.04025047041008512,0.0016505866190290556
188,Starcraft II: Wings of Liberty,PC,0.5685400085492661,0.2252969482163112,0.006294136161203736,0.013103372719685409,0.00782501415920643,0.17693458126177905,0.0020059388299897315
189,Street Fighter Alpha 3,GameBoyAdvance,0.727740952000022,0.2574744807556272,0.00161598086124282,0.00155033228220416,0.00552629730664188,0.00399189074523742,0.00210010972805316
190,Street Fighter Alpha 3,PlayStation,0.52701261267066,0.4046548092379592,0.0016333338571711924,0.001718561182944777,0.059841671313803885,0.003502270730677946,0.0016367572914951845
191,Street Fighter IV,PC,0.6034357103386095,0.18112559489506694,0.0018801718700809714,0.028720229255434607,0.03256654886063183,0.14838515178998926,0.00388660931494082
192,Street Fighter IV,PlayStation3,0.49620137990198354,0.25998982992869885,0.006930995404466264,0.003482124205170651,0.021680577808398365,0.20951997219182716,0.0021951304812153163
193,Street Fighter IV,Xbox360,0.6138441838690492,0.13589663725140208,0.010046711805100944,0.0035172848290473246,0.014517874565723558,0.21983299162773198,0.0023443222171855445
194,Super Mario 3D World,WiiU,0.44811800522958145,0.47633441028642604,0.004267438072349562,0.006157215655944957,0.018491764341630704,0.04490970708198247,0.0017214629428628184
195,Super Mario 64,Nintendo64,0.4161205390897908,0.499198601333141,0.018824717804625274,0.006007307511641808,0.008928435627407017,0.04921634852968304,0.0017040539330437936
196,Super Mario Advance 4: Super Mario Bros. 3,GameBoyAdvance,0.5163416026958397,0.3699447184862081,0.001618385147247857,0.005169035225186355,0.010365486588506424,0.09470466244827197,0.0018561138657830333
197,Super Mario Galaxy,Wii,0.40123439097684643,0.4963522847687964,0.009579667030383343,0.011339869483831973,0.015805620736103795,0.06398635357974308,0.0017018144485570995
198,Super Mario Galaxy 2,Wii,0.49120354120519694,0.4310293834089305,0.0015187111582886915,0.0056272470633979025,0.025881683691581954,0.04311672936432916,0.0016227038311336533
199,Super Mario Odyssey,Switch,0.4609383982371631,0.4527875469215964,0.00803262939913747,0.0034114263223776393,0.016758256705763436,0.055097416056339506,0.0029743247644365024
200,Super Smash Bros. Brawl,Wii,0.4986091934601692,0.3756099718885326,0.002398164368827186,0.01697964880932964,0.007164876697881266,0.09733589626658196,0.0019022479383486082
201,Super Street Fighter IV,PlayStation3,0.7325531035742682,0.22684725598715566,0.008537527072526783,0.0018644078163956045,0.01738920231329516,0.010838474010360257,0.001970023422947352
202,Super Street Fighter IV,Xbox360,0.6023196308658674,0.10284360782959709,0.001841575605794746,0.0030458934981232155,0.002940299365526169,0.28506236531449336,0.0019465939482100462
203,System Shock 2,PC,0.631268844010751,0.2980236457614689,0.020174887948807757,0.0016858307990512446,0.00495672775524673,0.0391160519228842,0.0047740223512080645
204,Team Fortress 2,PC,0.49833774440439255,0.4076332579118276,0.005335164516212511,0.008232136840599976,0.006847258213209121,0.06971275493505674,0.003901683917101236
205,Tekken 3,PlayStation,0.40474799301268327,0.5576324233067377,0.0014017260966485668,0.0024375892001747,0.0032911242968919696,0.029069429260238748,0.0014197208333320195
206,Test Drive Le Mans,Dreamcast,0.26580378475288546,0.7232435494661331,0.0016217144438996332,0.0024530482866490333,0.0038186226350565,0.001583784391793067,0.0014754523290320667
207,The Elder Scrolls IV: Oblivion,PC,0.5603843219253601,0.2553891245376845,0.01619756929956713,0.0082300692355859,0.011695345952286823,0.14609059630229923,0.002012971960948695
208,The Elder Scrolls IV: Oblivion,PlayStation3,0.6098243106053984,0.24206103496322548,0.005235438850724042,0.01808992837914813,0.0057035152034802,0.11690491818530892,0.00218085290013681
209,The Elder Scrolls IV: Oblivion,Xbox360,0.498100425399686,0.38137245843644396,0.0018227941265252302,0.002358896749686115,0.016284151279551524,0.09758975662295853,0.002471508303036243
210,The Elder Scrolls V: Skyrim,PC,0.5488379179109073,0.24792554819602536,0.0051429817384001245,0.02419798079652983,0.008777166567474915,0.16198035533732083,0.0031380510256950774
211,The Elder Scrolls V: Skyrim,PlayStation3,0.58016694183936,0.1680984569658099,0.01646571811163438,0.03274850243181609,0.008840955011123877,0.18707668118604595,0.006602739619608716
212,The Elder Scrolls V: Skyrim,Switch,0.5095883059839252,0.32728559312818106,0.0017005594321138021,0.002660627425939267,0.029912690547159042,0.12687385908429857,0.0019783505097923666
213,The Elder Scrolls V: Skyrim,Xbox360,0.5133776345785602,0.38961775100250057,0.004052296893674668,0.011448273285483888,0.01823062927575601,0.059256107991930096,0.004017304070843261
214,The Last of Us,PlayStation3,0.5150886172705086,0.3831040910115977,0.01439656303663547,0.0043922123335066515,0.015921223402659515,0.06390594344514396,0.0031913489438053196
215,The Last of Us Remastered,PlayStation4,0.46383263335229147,0.4557892215209041,0.009689003348081341,0.003111031558801309,0.012996466375902632,0.04932071849788946,0.005260929280571514
216,The Legend of Zelda Collector's Edition,GameCube,0.46316736682572146,0.40570932389660314,0.0024130433488276887,0.03623998185106422,0.017639085399092723,0.07324256833552759,0.0015886292901334089
217,The Legend of Zelda: A Link to the Past,GameBoyAdvance,0.506091826595366,0.4378898183810922,0.013888005337609699,0.00251240862913924,0.00455018371150528,0.03294417555032225,0.0021235945509609916
218,The Legend of Zelda: Breath of the Wild,Switch,0.4200824434263718,0.44712581726401973,0.007286702657431798,0.0144033138748309,0.016862084657036498,0.08934711741252936,0.004892523882772383
219,The Legend of Zelda: Breath of the Wild,WiiU,0.5311088489352026,0.3403794378823719,0.006884927508185607,0.01133337791095698,0.01298612841720462,0.09266258910513264,0.004644688974326075
220,The Legend of Zelda: Majora's Mask,Nintendo64,0.6051295620420475,0.30510933039003635,0.002942896755267348,0.004283594934249684,0.01714422124934837,0.05865598803956466,0.006734413949273585
221,The Legend of Zelda: Ocarina of Time,Nintendo64,0.3918081565819703,0.5303425470484199,0.012044777069453715,0.006802170827243677,0.008379089149856528,0.04893156294199838,0.001691698602034388
222,The Legend of Zelda: Ocarina of Time 3D,3DS,0.49600490384207635,0.43181673707798696,0.008821003486433217,0.0018844006787024441,0.019525784718677015,0.040103351105886975,0.0018438175475302529
223,The Legend of Zelda: Skyward Sword,Wii,0.5019993694507001,0.36886681098714347,0.009352060345731425,0.013924151921811513,0.011023634232067755,0.09306213921431536,0.0017718364168398482
224,The Legend of Zelda: The Wind Waker,GameCube,0.47247539740483013,0.3858871304382718,0.008099615908532554,0.011156443094931471,0.00858172498905417,0.10902800693195194,0.004771681628844989
225,The Legend of Zelda: Twilight Princess,GameCube,0.5480505103702084,0.321061324974625,0.011209413872095886,0.002804120666741417,0.013934094143153762,0.10119120440336138,0.0017493359963946394
226,The Legend of Zelda: Twilight Princess,Wii,0.49852379501913674,0.4161157850339077,0.014415544222283593,0.005063897647923972,0.012220277627929994,0.051903019744058795,0.0017576801919494244
227,The Orange Box,PC,0.37703193439740745,0.5522771150017747,0.0014302773751891996,0.009911699066488507,0.020941396481216963,0.03685026247142649,0.001557307079251697
228,The Orange Box,PlayStation3,0.5892074619636829,0.293098740808835,0.02435348306740206,0.01451970188645641,0.009527505706170185,0.0672185779602097,0.002074532530968959
229,The Orange Box,Xbox360,0.4953298640548097,0.3979158895040628,0.001541221980266473,0.023564854784526145,0.01767316159913353,0.06234474329412555,0.0016302750278848464
230,The Sims,GameCube,0.5009306815336458,0.36018366483040154,0.0030895133604644377,0.0037072682971483564,0.0054466216170112255,0.12444321309885706,0.0021990198220009248
231,The Sims,PC,0.556060319658942,0.31505924441780037,0.0018318019563313788,0.012983544644577237,0.010171063063003508,0.10176408074599186,0.002129956600793523
232,The Sims,PlayStation2,0.5483300732060646,0.3121296848160758,0.0021585084687103123,0.005091678632500838,0.011865243761955397,0.11061759510387974,0.009807190494029746
233,The Sims,Xbox,0.5647842096578743,0.25127733912732864,0.007122998332811677,0.013035797630436666,0.005512458479238833,0.1559094468312751,0.002357759060234611
234,The Witcher 3: Wild Hunt,PC,0.4605466385149951,0.4327880682183018,0.008978244833819794,0.009302143009742816,0.015461498210748399,0.06974212226621382,0.0031812855894934483
235,The Witcher 3: Wild Hunt,PlayStation4,0.48306468914463757,0.41383087012505015,0.006963714231480708,0.005388444899393069,0.008169946964110846,0.0777705829340309,0.00481175241866802
236,The Witcher 3: Wild Hunt,XboxOne,0.4981342266534308,0.38592333814901253,0.0056783252095459966,0.007575589201204724,0.016262537506899113,0.08452751249087187,0.0018984625388647094
237,Tom Clancy's Splinter Cell,GameCube,0.3746314976985256,0.5411489034847666,0.0015543161231713334,0.05955850182799618,0.004420861213778413,0.01696296994729584,0.0017229730069326468
238,Tom Clancy's Splinter Cell,PC,0.5370743111189868,0.3120768143368574,0.0017750560057012694,0.021728789299635887,0.0338512436784286,0.09125322033166106,0.002240553265437439
239,Tom Clancy's Splinter Cell,PlayStation2,0.5558175119486722,0.2459821257269306,0.0016081944195320342,0.019800944433716834,0.023445385992421127,0.1513507547193016,0.0019950825980313658
240,Tom Clancy's Splinter Cell,Xbox,0.3837058720708792,0.4966838686959818,0.0015213153905090258,0.02144785465548164,0.010974273049465232,0.08406169973775451,0.0016051169529010775
241,Tom Clancy's Splinter Cell Chaos Theory,GameCube,0.6449761840381792,0.15479307906103448,0.0027767661376855574,0.10690650853627758,0.0026193296237449,0.08566524652165487,0.0022629204904659997
242,Tom Clancy's Splinter Cell Chaos Theory,PlayStation2,0.5385657409206033,0.32961737549425485,0.002427320225465553,0.002805835159961082,0.006382940795875153,0.11829396429718193,0.0019067849361282586
243,Tom Clancy's Splinter Cell Chaos Theory,Xbox,0.37127141062436353,0.5682338830291493,0.0013913983057136162,0.013114362892727983,0.019023659148453022,0.025198762147088622,0.001766524737052175
244,Tom Clancy's Splinter Cell Pandora Tomorrow,PlayStation2,0.5775140208295649,0.4114028484457069,0.0015067102892013333,0.0014275264434722998,0.004499386685589889,0.0018546640510773889,0.0017948961790857554
245,Tom Clancy's Splinter Cell Pandora Tomorrow,Xbox,0.6016970710949071,0.3789460157314615,0.0017128778873161097,0.001738029956487113,0.006040338081337702,0.007944483473341141,0.0019211583553001806
246,Tom Clancy's Splinter Cell: Chaos Theory,PC,0.5035296126654178,0.35117939240419593,0.0019205607612343878,0.019553407806911106,0.019299810898795296,0.10247339836747285,0.0020438090332076725
247,Tony Hawk's Pro Skater 2,Dreamcast,0.1650900017470121,0.6324869653210043,0.1947575269266963,0.0017353053670375999,0.00310302698053416,0.00141454108525064,0.00141260114032768
248,Tony Hawk's Pro Skater 2,GameBoyAdvance,0.22295854855328798,0.6072119620628655,0.00193490677047516,0.0024269831599667397,0.16126336047891524,0.0023247493663802197,0.0018794979900121401
249,Tony Hawk's Pro Skater 2,Nintendo64,0.5703843475785106,0.3514953919479416,0.0015283771337837168,0.05633207781809482,0.004463143918352778,0.013605403319363328,0.0021912866246161667
250,Tony Hawk's Pro Skater 2,PC,0.06028063874691725,0.9316432476043701,0.0011708395904861,0.00175197981297965,0.0028453486738726002,0.0011398487258702,0.0011680931784212
251,Tony Hawk's Pro Skater 2,PlayStation,0.4547953223593013,0.4267889576758323,0.002135163197445435,0.005882081082957038,0.013905965942391256,0.09458760563609035,0.0019049340626224394
252,Tony Hawk's Pro Skater 3,GameBoyAdvance,0.42105320026166737,0.47345582838170225,0.0013088559935566998,0.0641879961767699,0.00541513523785395,0.032447270699776674,0.002131770423147775
253,Tony Hawk's Pro Skater 3,GameCube,0.3447949950081798,0.49732348926437014,0.0016917379689402462,0.010552012419793717,0.07379650220704762,0.07025325490842353,0.0015879904206555153
254,Tony Hawk's Pro Skater 3,PC,0.20291791031403197,0.7867630581770625,0.0017267390337239855,0.0019346481421961856,0.003303500607476657,0.0015129694947972428,0.0018412090139463143
255,Tony Hawk's Pro Skater 3,PlayStation,0.4076694551331457,0.5192041407499346,0.06353559467243025,0.002032838267041306,0.002933389056124681,0.002976296782435331,0.0016482638602610248
256,Tony Hawk's Pro Skater 3,PlayStation2,0.45197531911121175,0.41149786467325283,0.0018614306760189362,0.020241452593737313,0.02116608886386856,0.09152212179562243,0.0017357341183179636
257,Tony Hawk's Pro Skater 3,Xbox,0.3914865848015655,0.5133738652379676,0.0013235662693411273,0.07329209031410172,0.0037521329623731183,0.01494288693224499,0.0018289018507030364
258,Tony Hawk's Pro Skater 4,GameBoyAdvance,0.979142427444458,0.0077471351251006,0.0018076720880344,0.0013027358800172,0.0023110590409487,0.0055404836311936,0.0021483565215021
259,Tony Hawk's Pro Skater 4,GameCube,0.2870622154857431,0.5786839084965842,0.0016107262927107144,0.001749141873525657,0.12758454454264465,0.0012827316864526142,0.0020266990509948
260,Tony Hawk's Pro Skater 4,PC,0.29134860541671515,0.6963458210229874,0.0014446993300225252,0.001719360210699925,0.0059738986019510255,0.001323251373833,0.0018443946028128
261,Tony Hawk's Pro Skater 4,PlayStation2,0.35701741850661006,0.5456893719862873,0.0014186578217263322,0.011296665160711261,0.00884535123922802,0.07403827250784477,0.001694269875502706
262,Tony Hawk's Pro Skater 4,Xbox,0.43432247382588685,0.4305104301699127,0.0027372067949423587,0.011743411382970659,0.008733117487281524,0.10989074881460202,0.0020626087401372168
263,Uncharted 2: Among Thieves,PlayStation3,0.42003705134568015,0.4966189388798526,0.0037477775494861544,0.003187385320387912,0.020223333168940295,0.0533221308332117,0.002863387585523494
264,Uncharted 3: Drake's Deception,PlayStation3,0.48838987342690865,0.3860190121293075,0.009363960687087976,0.0038760419414648286,0.02080193738624564,0.08975221317826458,0.0017969646612915951
265,Uncharted 4: A Thief's End,PlayStation4,0.42889686357898615,0.43329192361916763,0.011797728847393772,0.017146926424635996,0.018021868441456534,0.08843410306697715,0.002410585364782504
266,Undertale,PC,0.5509057005942201,0.31769580724945906,0.025845366925817723,0.004704014999302183,0.01862167908232012,0.079791068659652,0.0024363637324496643
267,Undertale,PlayStation4,0.5869854849834855,0.1965441456592928,0.0018567070150031016,0.005260219697195703,0.017857017579416767,0.18941885688377968,0.0020775634141709997
268,Unreal Tournament 2004,PC,0.3810972370262636,0.5455095419789305,0.0020803758934471593,0.006993847677834505,0.0064066240257389375,0.056216715839068995,0.0016956510089134466
269,Vagrant Story,PlayStation,0.540688174299714,0.3957782865064673,0.0031173794683659146,0.001923998491270644,0.004329183732341105,0.05035332137315598,0.003809654033208993
270,Viewtiful Joe,GameCube,0.4648254856650458,0.45939673126110286,0.0015082176255641869,0.0041449487192143555,0.004920979400669156,0.06266736189766065,0.0025362992815703427
271,Viewtiful Joe,PlayStation2,0.5391335541382432,0.26619380300398915,0.00146760963834818,0.00246633455390104,0.0041296817362307895,0.1845635786070488,0.00204539970727631
272,Virtua Fighter 4,PlayStation2,0.46339284099246325,0.3151973377848901,0.002714263757776513,0.0179847940974133,0.02041963827612462,0.177976423479298,0.002314705983735571
273,Virtua Fighter 4: Evolution,PlayStation2,0.6390397502552896,0.33009608945853647,0.001405657684829557,0.0018395204374211428,0.019313821591259422,0.006816925339600284,0.0014882516670262093
274,Warcraft III: Reign of Chaos,PC,0.43774872467098436,0.4725051858022825,0.001986214472081237,0.010541189269760798,0.019429166630665115,0.055964851789557776,0.0018246645019549717
275,What Remains of Edith Finch,PC,0.4526211752818199,0.3881979250654694,0.016332151709320845,0.00208850899889507,0.0164793594685761,0.12250901026709467,0.001771856434970636
276,What Remains of Edith Finch,PlayStation4,0.5208818501393709,0.3621459203107016,0.004497551578762224,0.0017911730151223913,0.028715294406616212,0.08015722199176832,0.0018109893592606202
277,What Remains of Edith Finch,XboxOne,0.37547279441995274,0.4165805902032714,0.06318606625427488,0.002404661686991157,0.003969607267728293,0.13658349168170905,0.0018027812974260858
278,Wipeout XL,PlayStation,0.8963489979505539,0.0913554173894226,0.0009186562238027749,0.001310894673224475,0.00637330429162825,0.00207961714477275,0.001613078347872875
279,World Soccer Winning Eleven 6 International,PlayStation2,0.38123699187833276,0.5258548333991452,0.0018582406857083713,0.002151628916700575,0.07171500303749256,0.015050718423611036,0.002132616276087725
280,World Soccer Winning Eleven 7 International,PC,0.3242868738906348,0.640501700423877,0.004181263975196418,0.022239323684890868,0.0027677608338896355,0.0036952566793735883,0.0023278468973276763
281,World Soccer Winning Eleven 7 International,PlayStation2,0.2934048009725908,0.6078511112961374,0.0018706183206328374,0.0029304294002940458,0.03978354582310805,0.052214677011458314,0.0019447975743483792
282,World of Goo,PC,0.579295853021138,0.3338458759566205,0.016893747670110263,0.0022221438917576024,0.015988686913930707,0.04989250689456969,0.001861172265642713
283,World of Goo,Switch,0.5295111644599173,0.34638544287170386,0.0014129632682953,0.0028900702535691776,0.005053954082541111,0.11254179998326835,0.002204593801353489
284,World of Goo,Wii,0.4783801057534974,0.40663456259488423,0.0014260751592767122,0.020461558208164782,0.016261717662351467,0.07501507522651876,0.0018209230109321878
285,World of Warcraft,PC,0.513607983698556,0.22557872349134994,0.011548308363646202,0.02195930689499413,0.008001277525371536,0.21702437544342998,0.0022800213717630614
